,Tip
0,Negatif
1,Pozitif
2,Negatif
3,Negatif
4,Negatif
5,Negatif
6,Negatif
7,Negatif
8,Pozitif
9,Pozitif
10,Pozitif
11,Pozitif
12,Pozitif
13,Pozitif
14,Negatif
15,Pozitif
16,Pozitif
17,Pozitif
18,Pozitif
19,Pozitif
20,Pozitif
21,Pozitif
22,Negatif
23,Negatif
24,Negatif
25,Negatif
26,Pozitif
27,Negatif
28,Negatif
29,Pozitif
30,Negatif
31,Pozitif
32,Negatif
33,Negatif
34,Negatif
35,Negatif
36,Negatif
37,Negatif
38,Negatif
39,Negatif
40,Negatif
41,Negatif
42,Negatif
43,Pozitif
44,Pozitif
45,Negatif
46,Pozitif
47,Pozitif
48,Pozitif
49,Pozitif
50,Pozitif
51,Pozitif
52,Pozitif
53,Pozitif
54,Pozitif
55,Pozitif
56,Pozitif
57,Pozitif
58,Pozitif
59,Pozitif
60,Pozitif
61,Pozitif
62,Pozitif
63,Negatif
64,Pozitif
65,Pozitif
66,Negatif
67,Pozitif
68,Pozitif
69,Pozitif
70,Negatif
71,Pozitif
72,Pozitif
73,Pozitif
74,Pozitif
75,Pozitif
76,Pozitif
77,Pozitif
78,Pozitif
79,Pozitif
80,Pozitif
81,Pozitif
82,Negatif
83,Negatif
84,Negatif
85,Negatif
86,Negatif
87,Negatif
88,Negatif
89,Negatif
90,Negatif
91,Pozitif
92,Negatif
93,Pozitif
94,Negatif
95,Negatif
96,Pozitif
97,Negatif
98,Pozitif
99,Negatif
100,Negatif
101,Negatif
102,Negatif
103,Negatif
104,Negatif
105,Negatif
106,Negatif
107,Negatif
108,Negatif
109,Negatif
110,Negatif
111,Negatif
112,Pozitif
113,Pozitif
114,Pozitif
115,Pozitif
116,Pozitif
117,Pozitif
118,Pozitif
119,Pozitif
120,Pozitif
121,Pozitif
122,Pozitif
123,Pozitif
124,Pozitif
125,Pozitif
126,Pozitif
127,Pozitif
128,Pozitif
129,Pozitif
130,Pozitif
131,Pozitif
132,Negatif
133,Pozitif
134,Pozitif
135,Pozitif
136,Pozitif
137,Pozitif
138,Pozitif
139,Pozitif
140,Pozitif
141,Pozitif
142,Negatif
143,Pozitif
144,Pozitif
145,Negatif
146,Negatif
147,Negatif
148,Negatif
149,Negatif
150,Negatif
151,Negatif
152,Negatif
153,Negatif
154,Negatif
155,Negatif
156,Negatif
157,Negatif
158,Negatif
159,Negatif
160,Negatif
161,Negatif
162,Negatif
163,Negatif
164,Negatif
165,Negatif
166,Negatif
167,Negatif
168,Pozitif
169,Negatif
170,Negatif
171,Pozitif
172,Pozitif
173,Negatif
174,Pozitif
175,Pozitif
176,Negatif
177,Pozitif
178,Negatif
179,Pozitif
180,Pozitif
181,Negatif
182,Negatif
183,Pozitif
184,Pozitif
185,Negatif
186,Pozitif
187,Pozitif
188,Pozitif
189,Pozitif
190,Negatif
191,Negatif
192,Negatif
193,Negatif
194,Negatif
195,Pozitif
196,Negatif
197,Pozitif
198,Negatif
199,Negatif
200,Pozitif
201,Pozitif
202,Pozitif
203,Negatif
204,Pozitif
205,Negatif
206,Negatif
207,Pozitif
208,Pozitif
209,Pozitif
210,Pozitif
211,Pozitif
212,Pozitif
213,Pozitif
214,Pozitif
215,Negatif
216,Negatif
217,Negatif
218,Negatif
219,Negatif
220,Negatif
221,Negatif
222,Negatif
223,Negatif
224,Negatif
225,Pozitif
226,Pozitif
227,Pozitif
228,Pozitif
229,Pozitif
230,Negatif
231,Pozitif
232,Negatif
233,Pozitif
234,Negatif
235,Pozitif
236,Pozitif
237,Pozitif
238,Negatif
239,Pozitif
240,Pozitif
241,Pozitif
242,Pozitif
243,Pozitif
244,Negatif
245,Negatif
246,Negatif
247,Negatif
248,Negatif
249,Negatif
250,Negatif
251,Negatif
252,Negatif
253,Negatif
254,Negatif
255,Negatif
256,Negatif
257,Negatif
258,Negatif
259,Negatif
260,Negatif
261,Negatif
262,Negatif
263,Negatif
264,Negatif
265,Negatif
266,Negatif
267,Negatif
268,Negatif
269,Negatif
270,Negatif
271,Negatif
272,Negatif
273,Negatif
274,Negatif
275,Negatif
276,Negatif
277,Negatif
278,Negatif
279,Negatif
280,Negatif
281,Negatif
282,Negatif
283,Negatif
284,Negatif
285,Negatif
286,Negatif
287,Pozitif
288,Pozitif
289,Pozitif
290,Pozitif
291,Pozitif
292,Negatif
293,Negatif
294,Negatif
295,Pozitif
296,Negatif
297,Negatif
298,Negatif
299,Negatif
300,Negatif
301,Negatif
302,Negatif
303,Pozitif
304,Pozitif
305,Pozitif
306,Pozitif
307,Pozitif
308,Negatif
309,Pozitif
310,Pozitif
311,Pozitif
312,Pozitif
313,Negatif
314,Pozitif
315,Pozitif
316,Pozitif
317,Pozitif
318,Pozitif
319,Pozitif
320,Pozitif
321,Negatif
322,Pozitif
323,Negatif
324,Pozitif
325,Pozitif
326,Negatif
327,Pozitif
328,Pozitif
329,Pozitif
330,Pozitif
331,Pozitif
332,Pozitif
333,Pozitif
334,Pozitif
335,Negatif
336,Pozitif
337,Pozitif
338,Pozitif
339,Pozitif
340,Pozitif
341,Pozitif
342,Pozitif
343,Negatif
344,Pozitif
345,Negatif
346,Pozitif
347,Pozitif
348,Pozitif
349,Pozitif
350,Pozitif
351,Negatif
352,Pozitif
353,Pozitif
354,Pozitif
355,Pozitif
356,Pozitif
357,Negatif
358,Pozitif
359,Pozitif
360,Pozitif
361,Pozitif
362,Pozitif
363,Pozitif
364,Pozitif
365,Pozitif
366,Pozitif
367,Pozitif
368,Negatif
369,Pozitif
370,Pozitif
371,Pozitif
372,Pozitif
373,Negatif
374,Pozitif
375,Pozitif
376,Negatif
377,Pozitif
378,Negatif
379,Negatif
380,Pozitif
381,Pozitif
382,Pozitif
383,Pozitif
384,Pozitif
385,Negatif
386,Pozitif
387,Pozitif
388,Pozitif
389,Pozitif
390,Pozitif
391,Pozitif
392,Pozitif
393,Pozitif
394,Pozitif
395,Pozitif
396,Pozitif
397,Negatif
398,Pozitif
399,Negatif
400,Pozitif
401,Pozitif
402,Pozitif
403,Pozitif
404,Pozitif
405,Negatif
406,Pozitif
407,Pozitif
408,Pozitif
409,Pozitif
410,Negatif
411,Pozitif
412,Pozitif
413,Negatif
414,Pozitif
415,Negatif
416,Negatif
417,Pozitif
418,Pozitif
419,Pozitif
420,Pozitif
421,Pozitif
422,Negatif
423,Pozitif
424,Pozitif
425,Negatif
426,Negatif
427,Pozitif
428,Negatif
429,Negatif
430,Negatif
431,Negatif
432,Negatif
433,Negatif
434,Negatif
435,Negatif
436,Negatif
437,Negatif
438,Negatif
439,Negatif
440,Negatif
441,Negatif
442,Negatif
443,Negatif
444,Negatif
445,Negatif
446,Negatif
447,Negatif
448,Negatif
449,Negatif
450,Negatif
451,Negatif
452,Negatif
453,Negatif
454,Negatif
455,Negatif
456,Negatif
457,Negatif
458,Negatif
459,Negatif
460,Negatif
461,Negatif
462,Negatif
463,Negatif
464,Negatif
465,Negatif
466,Negatif
467,Negatif
468,Negatif
469,Negatif
470,Negatif
471,Negatif
472,Negatif
473,Negatif
474,Pozitif
475,Pozitif
476,Pozitif
477,Pozitif
478,Pozitif
479,Negatif
480,Pozitif
481,Pozitif
482,Pozitif
483,Pozitif
484,Pozitif
485,Pozitif
486,Negatif
487,Pozitif
488,Pozitif
489,Pozitif
490,Pozitif
491,Pozitif
492,Pozitif
493,Pozitif
494,Pozitif
495,Pozitif
496,Pozitif
497,Pozitif
498,Pozitif
499,Pozitif
500,Pozitif
501,Pozitif
502,Pozitif
503,Pozitif
504,Pozitif
505,Pozitif
506,Pozitif
507,Pozitif
508,Pozitif
509,Pozitif
510,Pozitif
511,Pozitif
512,Pozitif
513,Pozitif
514,Pozitif
515,Pozitif
516,Pozitif
517,Pozitif
518,Pozitif
519,Pozitif
520,Negatif
521,Negatif
522,Negatif
523,Pozitif
524,Negatif
525,Negatif
526,Pozitif
527,Pozitif
528,Pozitif
529,Pozitif
530,Pozitif
531,Pozitif
532,Pozitif
533,Pozitif
534,Pozitif
535,Pozitif
536,Pozitif
537,Pozitif
538,Pozitif
539,Pozitif
540,Pozitif
541,Pozitif
542,Pozitif
543,Negatif
544,Pozitif
545,Pozitif
546,Pozitif
547,Pozitif
548,Pozitif
549,Pozitif
550,Negatif
551,Negatif
552,Pozitif
553,Negatif
554,Pozitif
555,Pozitif
556,Negatif
557,Negatif
558,Negatif
559,Pozitif
560,Negatif
561,Negatif
562,Negatif
563,Negatif
564,Negatif
565,Negatif
566,Negatif
567,Negatif
568,Negatif
569,Negatif
570,Negatif
571,Negatif
572,Negatif
573,Pozitif
574,Pozitif
575,Pozitif
576,Negatif
577,Pozitif
578,Pozitif
579,Pozitif
580,Pozitif
581,Pozitif
582,Pozitif
583,Pozitif
584,Pozitif
585,Pozitif
586,Negatif
587,Pozitif
588,Negatif
589,Pozitif
590,Pozitif
591,Pozitif
592,Pozitif
593,Negatif
594,Pozitif
595,Negatif
596,Negatif
597,Negatif
598,Negatif
599,Pozitif
600,Pozitif
601,Pozitif
602,Negatif
603,Pozitif
604,Pozitif
605,Pozitif
606,Pozitif
607,Pozitif
608,Pozitif
609,Pozitif
610,Pozitif
611,Negatif
612,Pozitif
613,Negatif
614,Negatif
615,Negatif
616,Pozitif
617,Pozitif
618,Pozitif
619,Pozitif
620,Pozitif
621,Pozitif
622,Pozitif
623,Pozitif
624,Pozitif
625,Pozitif
626,Pozitif
627,Pozitif
628,Pozitif
629,Pozitif
630,Pozitif
631,Pozitif
632,Pozitif
633,Negatif
634,Pozitif
635,Pozitif
636,Negatif
637,Pozitif
638,Pozitif
639,Pozitif
640,Negatif
641,Pozitif
642,Pozitif
643,Negatif
644,Negatif
645,Pozitif
646,Pozitif
647,Pozitif
648,Pozitif
649,Pozitif
650,Pozitif
651,Pozitif
652,Pozitif
653,Pozitif
654,Pozitif
655,Pozitif
656,Pozitif
657,Negatif
658,Pozitif
659,Pozitif
660,Pozitif
661,Pozitif
662,Pozitif
663,Pozitif
664,Pozitif
665,Pozitif
666,Pozitif
667,Pozitif
668,Pozitif
669,Pozitif
670,Pozitif
671,Pozitif
672,Pozitif
673,Pozitif
674,Pozitif
675,Pozitif
676,Pozitif
677,Pozitif
678,Pozitif
679,Pozitif
680,Pozitif
681,Negatif
682,Negatif
683,Negatif
684,Negatif
685,Negatif
686,Negatif
687,Negatif
688,Negatif
689,Negatif
690,Negatif
691,Negatif
692,Negatif
693,Negatif
694,Negatif
695,Negatif
696,Negatif
697,Negatif
698,Negatif
699,Negatif
700,Negatif
701,Negatif
702,Pozitif
703,Negatif
704,Negatif
705,Pozitif
706,Negatif
707,Negatif
708,Negatif
709,Negatif
710,Negatif
711,Negatif
712,Negatif
713,Negatif
714,Negatif
715,Negatif
716,Negatif
717,Negatif
718,Negatif
719,Negatif
720,Negatif
721,Negatif
722,Negatif
723,Negatif
724,Negatif
725,Negatif
726,Negatif
727,Negatif
728,Negatif
729,Negatif
730,Negatif
731,Negatif
732,Negatif
733,Negatif
734,Negatif
735,Negatif
736,Negatif
737,Negatif
738,Negatif
739,Negatif
740,Negatif
741,Negatif
742,Negatif
743,Negatif
744,Negatif
745,Pozitif
746,Negatif
747,Negatif
748,Negatif
749,Negatif
750,Negatif
751,Negatif
752,Negatif
753,Negatif
754,Negatif
755,Negatif
756,Negatif
757,Pozitif
758,Negatif
759,Negatif
760,Negatif
761,Negatif
762,Negatif
763,Negatif
764,Negatif
765,Negatif
766,Negatif
767,Negatif
768,Negatif
769,Negatif
770,Negatif
771,Negatif
772,Negatif
773,Negatif
774,Negatif
775,Negatif
776,Negatif
777,Negatif
778,Negatif
779,Negatif
780,Negatif
781,Negatif
782,Negatif
783,Negatif
784,Negatif
785,Negatif
786,Negatif
787,Negatif
788,Negatif
789,Negatif
790,Negatif
791,Negatif
792,Negatif
793,Pozitif
794,Negatif
795,Pozitif
796,Negatif
797,Negatif
798,Negatif
799,Negatif
800,Pozitif
801,Negatif
802,Negatif
803,Negatif
804,Negatif
805,Negatif
806,Negatif
807,Negatif
808,Negatif
809,Negatif
810,Negatif
811,Negatif
812,Negatif
813,Negatif
814,Negatif
815,Negatif
816,Negatif
817,Negatif
818,Negatif
819,Negatif
820,Negatif
821,Negatif
822,Negatif
823,Negatif
824,Negatif
825,Negatif
826,Negatif
827,Negatif
828,Negatif
829,Negatif
830,Negatif
831,Negatif
832,Negatif
833,Negatif
834,Negatif
835,Negatif
836,Negatif
837,Negatif
838,Negatif
839,Negatif
840,Negatif
841,Negatif
842,Negatif
843,Negatif
844,Pozitif
845,Pozitif
846,Negatif
847,Negatif
848,Negatif
849,Pozitif
850,Negatif
851,Negatif
852,Negatif
853,Negatif
854,Negatif
855,Negatif
856,Negatif
857,Negatif
858,Negatif
859,Negatif
860,Negatif
861,Pozitif
862,Negatif
863,Negatif
864,Negatif
865,Negatif
866,Negatif
867,Negatif
868,Negatif
869,Negatif
870,Negatif
871,Negatif
872,Negatif
873,Negatif
874,Negatif
875,Negatif
876,Pozitif
877,Pozitif
878,Pozitif
879,Pozitif
880,Pozitif
881,Pozitif
882,Pozitif
883,Pozitif
884,Pozitif
885,Pozitif
886,Pozitif
887,Pozitif
888,Negatif
889,Pozitif
890,Pozitif
891,Pozitif
892,Pozitif
893,Pozitif
894,Pozitif
895,Pozitif
896,Pozitif
897,Pozitif
898,Pozitif
899,Pozitif
900,Pozitif
901,Pozitif
902,Pozitif
903,Pozitif
904,Pozitif
905,Pozitif
906,Pozitif
907,Pozitif
908,Pozitif
909,Pozitif
910,Pozitif
911,Pozitif
912,Pozitif
913,Pozitif
914,Pozitif
915,Pozitif
916,Pozitif
917,Pozitif
918,Pozitif
919,Pozitif
920,Pozitif
921,Pozitif
922,Pozitif
923,Pozitif
924,Pozitif
925,Pozitif
926,Pozitif
927,Pozitif
928,Pozitif
929,Pozitif
930,Pozitif
931,Pozitif
932,Pozitif
933,Pozitif
934,Pozitif
935,Pozitif
936,Pozitif
937,Pozitif
938,Pozitif
939,Pozitif
940,Pozitif
941,Pozitif
942,Pozitif
943,Pozitif
944,Pozitif
945,Pozitif
946,Pozitif
947,Pozitif
948,Pozitif
949,Pozitif
950,Pozitif
951,Pozitif
952,Pozitif
953,Pozitif
954,Pozitif
955,Pozitif
956,Pozitif
957,Pozitif
958,Pozitif
959,Pozitif
960,Negatif
961,Negatif
962,Negatif
963,Pozitif
964,Pozitif
965,Negatif
966,Pozitif
967,Negatif
968,Negatif
969,Negatif
970,Negatif
971,Negatif
972,Pozitif
973,Pozitif
974,Negatif
975,Negatif
976,Pozitif
977,Pozitif
978,Pozitif
979,Negatif
980,Pozitif
981,Pozitif
982,Pozitif
983,Pozitif
984,Pozitif
985,Pozitif
986,Pozitif
987,Pozitif
988,Pozitif
989,Pozitif
990,Negatif
991,Negatif
992,Negatif
993,Negatif
994,Negatif
995,Pozitif
996,Negatif
997,Negatif
998,Negatif
999,Pozitif
1000,Pozitif
1001,Pozitif
1002,Pozitif
1003,Pozitif
1004,Pozitif
1005,Pozitif
1006,Pozitif
1007,Pozitif
1008,Pozitif
1009,Pozitif
1010,Pozitif
1011,Pozitif
1012,Pozitif
1013,Pozitif
1014,Pozitif
1015,Pozitif
1016,Pozitif
1017,Pozitif
1018,Pozitif
1019,Pozitif
1020,Pozitif
1021,Pozitif
1022,Pozitif
1023,Pozitif
1024,Pozitif
1025,Pozitif
1026,Pozitif
1027,Pozitif
1028,Pozitif
1029,Pozitif
1030,Pozitif
1031,Pozitif
1032,Pozitif
1033,Pozitif
1034,Pozitif
1035,Pozitif
1036,Pozitif
1037,Pozitif
1038,Pozitif
1039,Pozitif
1040,Pozitif
1041,Pozitif
1042,Pozitif
1043,Pozitif
1044,Pozitif
1045,Negatif
1046,Pozitif
1047,Pozitif
1048,Pozitif
1049,Pozitif
1050,Pozitif
1051,Pozitif
1052,Pozitif
1053,Pozitif
1054,Pozitif
1055,Pozitif
1056,Pozitif
1057,Pozitif
1058,Pozitif
1059,Pozitif
1060,Pozitif
1061,Pozitif
1062,Pozitif
1063,Pozitif
1064,Pozitif
1065,Pozitif
1066,Pozitif
1067,Pozitif
1068,Pozitif
1069,Pozitif
1070,Pozitif
1071,Pozitif
1072,Pozitif
1073,Pozitif
1074,Pozitif
1075,Pozitif
1076,Pozitif
1077,Pozitif
1078,Pozitif
1079,Pozitif
1080,Pozitif
1081,Pozitif
1082,Pozitif
1083,Negatif
1084,Pozitif
1085,Pozitif
1086,Pozitif
1087,Pozitif
1088,Negatif
1089,Negatif
1090,Pozitif
1091,Pozitif
1092,Negatif
1093,Pozitif
1094,Pozitif
1095,Negatif
1096,Pozitif
1097,Pozitif
1098,Pozitif
1099,Pozitif
1100,Pozitif
1101,Negatif
1102,Pozitif
1103,Pozitif
1104,Pozitif
1105,Pozitif
1106,Pozitif
1107,Negatif
1108,Negatif
1109,Pozitif
1110,Pozitif
1111,Pozitif
1112,Negatif
1113,Pozitif
1114,Pozitif
1115,Negatif
1116,Pozitif
1117,Pozitif
1118,Pozitif
1119,Pozitif
1120,Pozitif
1121,Pozitif
1122,Pozitif
1123,Pozitif
1124,Pozitif
1125,Pozitif
1126,Pozitif
1127,Pozitif
1128,Pozitif
1129,Pozitif
1130,Pozitif
1131,Pozitif
1132,Pozitif
1133,Pozitif
1134,Pozitif
1135,Pozitif
1136,Pozitif
1137,Pozitif
1138,Pozitif
1139,Pozitif
1140,Pozitif
1141,Pozitif
1142,Pozitif
1143,Pozitif
1144,Pozitif
1145,Pozitif
1146,Pozitif
1147,Pozitif
1148,Pozitif
1149,Pozitif
1150,Pozitif
1151,Pozitif
1152,Pozitif
1153,Pozitif
1154,Pozitif
1155,Pozitif
1156,Pozitif
1157,Pozitif
1158,Pozitif
1159,Pozitif
1160,Pozitif
1161,Pozitif
1162,Pozitif
1163,Pozitif
1164,Pozitif
1165,Pozitif
1166,Pozitif
1167,Pozitif
1168,Pozitif
1169,Pozitif
1170,Negatif
1171,Pozitif
1172,Pozitif
1173,Pozitif
1174,Pozitif
1175,Pozitif
1176,Pozitif
1177,Pozitif
1178,Negatif
1179,Pozitif
1180,Pozitif
1181,Negatif
1182,Pozitif
1183,Pozitif
1184,Pozitif
1185,Pozitif
1186,Pozitif
1187,Pozitif
1188,Pozitif
1189,Pozitif
1190,Pozitif
1191,Negatif
1192,Pozitif
1193,Pozitif
1194,Pozitif
1195,Pozitif
1196,Negatif
1197,Negatif
1198,Negatif
1199,Pozitif
1200,Negatif
1201,Pozitif
1202,Pozitif
1203,Pozitif
1204,Pozitif
1205,Negatif
1206,Pozitif
1207,Pozitif
1208,Negatif
1209,Pozitif
1210,Pozitif
1211,Pozitif
1212,Pozitif
1213,Pozitif
1214,Pozitif
1215,Pozitif
1216,Pozitif
1217,Negatif
1218,Pozitif
1219,Pozitif
1220,Pozitif
1221,Pozitif
1222,Pozitif
1223,Pozitif
1224,Pozitif
1225,Pozitif
1226,Pozitif
1227,Pozitif
1228,Pozitif
1229,Pozitif
1230,Pozitif
1231,Pozitif
1232,Pozitif
1233,Pozitif
1234,Pozitif
1235,Pozitif
1236,Pozitif
1237,Pozitif
1238,Negatif
1239,Pozitif
1240,Pozitif
1241,Pozitif
1242,Negatif
1243,Negatif
1244,Negatif
1245,Pozitif
1246,Pozitif
1247,Pozitif
1248,Pozitif
1249,Pozitif
1250,Pozitif
1251,Pozitif
1252,Pozitif
1253,Pozitif
1254,Pozitif
1255,Pozitif
1256,Pozitif
1257,Pozitif
1258,Pozitif
1259,Pozitif
1260,Pozitif
1261,Pozitif
1262,Negatif
1263,Pozitif
1264,Pozitif
1265,Pozitif
1266,Pozitif
1267,Pozitif
1268,Pozitif
1269,Pozitif
1270,Pozitif
1271,Pozitif
1272,Pozitif
1273,Pozitif
1274,Pozitif
1275,Pozitif
1276,Pozitif
1277,Pozitif
1278,Pozitif
1279,Pozitif
1280,Pozitif
1281,Pozitif
1282,Pozitif
1283,Pozitif
1284,Pozitif
1285,Pozitif
1286,Pozitif
1287,Pozitif
1288,Pozitif
1289,Pozitif
1290,Pozitif
1291,Pozitif
1292,Pozitif
1293,Pozitif
1294,Pozitif
1295,Pozitif
1296,Pozitif
1297,Pozitif
1298,Pozitif
1299,Pozitif
1300,Pozitif
1301,Pozitif
1302,Pozitif
1303,Pozitif
1304,Pozitif
1305,Pozitif
1306,Pozitif
1307,Pozitif
1308,Pozitif
1309,Pozitif
1310,Pozitif
1311,Pozitif
1312,Pozitif
1313,Negatif
1314,Negatif
1315,Negatif
1316,Pozitif
1317,Pozitif
1318,Pozitif
1319,Pozitif
1320,Pozitif
1321,Pozitif
1322,Pozitif
1323,Pozitif
1324,Pozitif
1325,Pozitif
1326,Pozitif
1327,Pozitif
1328,Pozitif
1329,Pozitif
1330,Pozitif
1331,Pozitif
1332,Pozitif
1333,Pozitif
1334,Pozitif
1335,Pozitif
1336,Pozitif
1337,Pozitif
1338,Pozitif
1339,Pozitif
1340,Pozitif
1341,Pozitif
1342,Pozitif
1343,Pozitif
1344,Negatif
1345,Pozitif
1346,Pozitif
1347,Pozitif
1348,Pozitif
1349,Pozitif
1350,Pozitif
1351,Pozitif
1352,Pozitif
1353,Pozitif
1354,Pozitif
1355,Pozitif
1356,Pozitif
1357,Negatif
1358,Pozitif
1359,Negatif
1360,Negatif
1361,Negatif
1362,Negatif
1363,Negatif
1364,Negatif
1365,Negatif
1366,Negatif
1367,Negatif
1368,Negatif
1369,Negatif
1370,Pozitif
1371,Pozitif
1372,Pozitif
1373,Pozitif
1374,Pozitif
1375,Pozitif
1376,Pozitif
1377,Pozitif
1378,Pozitif
1379,Pozitif
1380,Negatif
1381,Pozitif
1382,Pozitif
1383,Pozitif
1384,Pozitif
1385,Pozitif
1386,Pozitif
1387,Pozitif
1388,Negatif
1389,Negatif
1390,Pozitif
1391,Negatif
1392,Negatif
1393,Pozitif
1394,Negatif
1395,Pozitif
1396,Pozitif
1397,Pozitif
1398,Pozitif
1399,Pozitif
1400,Pozitif
1401,Pozitif
1402,Pozitif
1403,Pozitif
1404,Negatif
1405,Pozitif
1406,Pozitif
1407,Pozitif
1408,Negatif
1409,Pozitif
1410,Pozitif
1411,Pozitif
1412,Pozitif
1413,Pozitif
1414,Pozitif
1415,Pozitif
1416,Pozitif
1417,Negatif
1418,Pozitif
1419,Pozitif
1420,Pozitif
1421,Pozitif
1422,Pozitif
1423,Pozitif
1424,Pozitif
1425,Pozitif
1426,Pozitif
1427,Pozitif
1428,Negatif
1429,Negatif
1430,Pozitif
1431,Pozitif
1432,Pozitif
1433,Pozitif
1434,Pozitif
1435,Pozitif
1436,Pozitif
1437,Negatif
1438,Pozitif
1439,Pozitif
1440,Pozitif
1441,Pozitif
1442,Pozitif
1443,Pozitif
1444,Pozitif
1445,Pozitif
1446,Pozitif
1447,Pozitif
1448,Pozitif
1449,Negatif
1450,Pozitif
1451,Pozitif
1452,Pozitif
1453,Pozitif
1454,Pozitif
1455,Pozitif
1456,Pozitif
1457,Negatif
1458,Pozitif
1459,Pozitif
1460,Pozitif
1461,Pozitif
1462,Pozitif
1463,Pozitif
1464,Pozitif
1465,Pozitif
1466,Pozitif
1467,Pozitif
1468,Pozitif
1469,Pozitif
1470,Pozitif
1471,Negatif
1472,Pozitif
1473,Pozitif
1474,Pozitif
1475,Pozitif
1476,Pozitif
1477,Pozitif
1478,Pozitif
1479,Pozitif
1480,Negatif
1481,Negatif
1482,Negatif
1483,Negatif
1484,Negatif
1485,Negatif
1486,Negatif
1487,Negatif
1488,Negatif
1489,Negatif
1490,Negatif
1491,Negatif
1492,Negatif
1493,Negatif
1494,Negatif
1495,Negatif
1496,Negatif
1497,Negatif
1498,Negatif
1499,Negatif
1500,Negatif
1501,Negatif
1502,Negatif
1503,Negatif
1504,Negatif
1505,Negatif
1506,Pozitif
1507,Negatif
1508,Pozitif
1509,Pozitif
1510,Negatif
1511,Negatif
1512,Pozitif
1513,Negatif
1514,Negatif
1515,Negatif
1516,Negatif
1517,Negatif
1518,Negatif
1519,Negatif
1520,Negatif
1521,Negatif
1522,Negatif
1523,Negatif
1524,Negatif
1525,Negatif
1526,Negatif
1527,Negatif
1528,Negatif
1529,Negatif
1530,Negatif
1531,Negatif
1532,Negatif
1533,Negatif
1534,Negatif
1535,Negatif
1536,Negatif
1537,Negatif
1538,Negatif
1539,Negatif
1540,Negatif
1541,Negatif
1542,Negatif
1543,Negatif
1544,Negatif
1545,Negatif
1546,Negatif
1547,Negatif
1548,Negatif
1549,Negatif
1550,Negatif
1551,Negatif
1552,Negatif
1553,Negatif
1554,Negatif
1555,Negatif
1556,Negatif
1557,Negatif
1558,Negatif
1559,Negatif
1560,Negatif
1561,Negatif
1562,Negatif
1563,Negatif
1564,Negatif
1565,Negatif
1566,Negatif
1567,Negatif
1568,Negatif
1569,Negatif
1570,Negatif
1571,Negatif
1572,Negatif
1573,Negatif
1574,Negatif
1575,Pozitif
1576,Pozitif
1577,Pozitif
1578,Pozitif
1579,Pozitif
1580,Pozitif
1581,Pozitif
1582,Pozitif
1583,Pozitif
1584,Pozitif
1585,Pozitif
1586,Pozitif
1587,Pozitif
1588,Pozitif
1589,Pozitif
1590,Pozitif
1591,Negatif
1592,Pozitif
1593,Pozitif
1594,Pozitif
1595,Pozitif
1596,Pozitif
1597,Pozitif
1598,Pozitif
1599,Pozitif
1600,Pozitif
1601,Pozitif
1602,Pozitif
1603,Pozitif
1604,Pozitif
1605,Pozitif
1606,Negatif
1607,Pozitif
1608,Pozitif
1609,Pozitif
1610,Pozitif
1611,Pozitif
1612,Pozitif
1613,Pozitif
1614,Pozitif
1615,Pozitif
1616,Pozitif
1617,Pozitif
1618,Pozitif
1619,Pozitif
1620,Negatif
1621,Negatif
1622,Pozitif
1623,Pozitif
1624,Pozitif
1625,Pozitif
1626,Pozitif
1627,Pozitif
1628,Pozitif
1629,Pozitif
1630,Pozitif
1631,Pozitif
1632,Pozitif
1633,Pozitif
1634,Pozitif
1635,Pozitif
1636,Pozitif
1637,Pozitif
1638,Pozitif
1639,Pozitif
1640,Pozitif
1641,Pozitif
1642,Pozitif
1643,Pozitif
1644,Pozitif
1645,Pozitif
1646,Pozitif
1647,Pozitif
1648,Pozitif
1649,Negatif
1650,Negatif
1651,Pozitif
1652,Pozitif
1653,Pozitif
1654,Pozitif
1655,Pozitif
1656,Pozitif
1657,Pozitif
1658,Pozitif
1659,Pozitif
1660,Pozitif
1661,Pozitif
1662,Negatif
1663,Pozitif
1664,Pozitif
1665,Pozitif
1666,Pozitif
1667,Negatif
1668,Pozitif
1669,Pozitif
1670,Pozitif
1671,Pozitif
1672,Pozitif
1673,Pozitif
1674,Pozitif
1675,Pozitif
1676,Pozitif
1677,Pozitif
1678,Pozitif
1679,Pozitif
1680,Pozitif
1681,Pozitif
1682,Pozitif
1683,Pozitif
1684,Pozitif
1685,Pozitif
1686,Negatif
1687,Pozitif
1688,Pozitif
1689,Pozitif
1690,Pozitif
1691,Negatif
1692,Pozitif
1693,Pozitif
1694,Pozitif
1695,Pozitif
1696,Negatif
1697,Pozitif
1698,Pozitif
1699,Negatif
1700,Pozitif
1701,Pozitif
1702,Pozitif
1703,Pozitif
1704,Pozitif
1705,Pozitif
1706,Pozitif
1707,Pozitif
1708,Pozitif
1709,Negatif
1710,Pozitif
1711,Pozitif
1712,Pozitif
1713,Pozitif
1714,Pozitif
1715,Pozitif
1716,Pozitif
1717,Pozitif
1718,Pozitif
1719,Pozitif
1720,Pozitif
1721,Pozitif
1722,Pozitif
1723,Negatif
1724,Pozitif
1725,Negatif
1726,Pozitif
1727,Pozitif
1728,Pozitif
1729,Pozitif
1730,Pozitif
1731,Pozitif
1732,Pozitif
1733,Pozitif
1734,Pozitif
1735,Pozitif
1736,Pozitif
1737,Pozitif
1738,Pozitif
1739,Pozitif
1740,Pozitif
1741,Pozitif
1742,Pozitif
1743,Negatif
1744,Negatif
1745,Pozitif
1746,Pozitif
1747,Pozitif
1748,Negatif
1749,Pozitif
1750,Pozitif
1751,Pozitif
1752,Pozitif
1753,Pozitif
1754,Pozitif
1755,Pozitif
1756,Pozitif
1757,Pozitif
1758,Pozitif
1759,Pozitif
1760,Pozitif
1761,Pozitif
1762,Pozitif
1763,Pozitif
1764,Pozitif
1765,Pozitif
1766,Pozitif
1767,Pozitif
1768,Pozitif
1769,Pozitif
1770,Pozitif
1771,Pozitif
1772,Pozitif
1773,Pozitif
1774,Pozitif
1775,Pozitif
1776,Pozitif
1777,Pozitif
1778,Pozitif
1779,Pozitif
1780,Pozitif
1781,Pozitif
1782,Pozitif
1783,Pozitif
1784,Pozitif
1785,Pozitif
1786,Pozitif
1787,Pozitif
1788,Pozitif
1789,Pozitif
1790,Pozitif
1791,Pozitif
1792,Pozitif
1793,Pozitif
1794,Pozitif
1795,Pozitif
1796,Negatif
1797,Pozitif
1798,Negatif
1799,Pozitif
1800,Pozitif
1801,Pozitif
1802,Pozitif
1803,Pozitif
1804,Pozitif
1805,Pozitif
1806,Pozitif
1807,Pozitif
1808,Pozitif
1809,Pozitif
1810,Pozitif
1811,Pozitif
1812,Pozitif
1813,Pozitif
1814,Pozitif
1815,Pozitif
1816,Pozitif
1817,Pozitif
1818,Pozitif
1819,Pozitif
1820,Pozitif
1821,Pozitif
1822,Pozitif
1823,Pozitif
1824,Pozitif
1825,Pozitif
1826,Pozitif
1827,Pozitif
1828,Pozitif
1829,Pozitif
1830,Pozitif
1831,Pozitif
1832,Pozitif
1833,Pozitif
1834,Pozitif
1835,Pozitif
1836,Pozitif
1837,Pozitif
1838,Pozitif
1839,Pozitif
1840,Pozitif
1841,Pozitif
1842,Pozitif
1843,Pozitif
1844,Pozitif
1845,Pozitif
1846,Negatif
1847,Pozitif
1848,Pozitif
1849,Pozitif
1850,Pozitif
1851,Pozitif
1852,Pozitif
1853,Negatif
1854,Pozitif
1855,Pozitif
1856,Pozitif
1857,Pozitif
1858,Pozitif
1859,Pozitif
1860,Negatif
1861,Pozitif
1862,Pozitif
1863,Pozitif
1864,Pozitif
1865,Pozitif
1866,Pozitif
1867,Pozitif
1868,Pozitif
1869,Pozitif
1870,Pozitif
1871,Negatif
1872,Pozitif
1873,Pozitif
1874,Negatif
1875,Pozitif
1876,Pozitif
1877,Negatif
1878,Pozitif
1879,Pozitif
1880,Pozitif
1881,Pozitif
1882,Pozitif
1883,Pozitif
1884,Pozitif
1885,Pozitif
1886,Pozitif
1887,Pozitif
1888,Pozitif
1889,Pozitif
1890,Pozitif
1891,Pozitif
1892,Negatif
1893,Pozitif
1894,Pozitif
1895,Pozitif
1896,Pozitif
1897,Pozitif
1898,Pozitif
1899,Pozitif
1900,Negatif
1901,Pozitif
1902,Pozitif
1903,Pozitif
1904,Pozitif
1905,Pozitif
1906,Pozitif
1907,Pozitif
1908,Pozitif
1909,Pozitif
1910,Pozitif
1911,Pozitif
1912,Pozitif
1913,Pozitif
1914,Pozitif
1915,Pozitif
1916,Pozitif
1917,Pozitif
1918,Pozitif
1919,Pozitif
1920,Negatif
1921,Pozitif
1922,Pozitif
1923,Pozitif
1924,Pozitif
1925,Pozitif
1926,Pozitif
1927,Pozitif
1928,Pozitif
1929,Negatif
1930,Pozitif
1931,Pozitif
1932,Pozitif
1933,Pozitif
1934,Pozitif
1935,Pozitif
1936,Pozitif
1937,Pozitif
1938,Pozitif
1939,Pozitif
1940,Pozitif
1941,Pozitif
1942,Pozitif
1943,Pozitif
1944,Pozitif
1945,Pozitif
1946,Pozitif
1947,Pozitif
1948,Pozitif
1949,Pozitif
1950,Pozitif
1951,Pozitif
1952,Pozitif
1953,Pozitif
1954,Pozitif
1955,Pozitif
1956,Pozitif
1957,Pozitif
1958,Pozitif
1959,Negatif
1960,Pozitif
1961,Pozitif
1962,Pozitif
1963,Negatif
1964,Pozitif
1965,Pozitif
1966,Pozitif
1967,Pozitif
1968,Pozitif
1969,Pozitif
1970,Pozitif
1971,Pozitif
1972,Pozitif
1973,Pozitif
1974,Pozitif
1975,Pozitif
1976,Pozitif
1977,Pozitif
1978,Pozitif
1979,Pozitif
1980,Pozitif
1981,Pozitif
1982,Negatif
1983,Pozitif
1984,Pozitif
1985,Pozitif
1986,Pozitif
1987,Pozitif
1988,Pozitif
1989,Pozitif
1990,Pozitif
1991,Pozitif
1992,Negatif
1993,Pozitif
1994,Pozitif
1995,Pozitif
1996,Pozitif
1997,Pozitif
1998,Pozitif
1999,Pozitif
2000,Pozitif
2001,Pozitif
2002,Negatif
2003,Negatif
2004,Negatif
2005,Negatif
2006,Pozitif
2007,Pozitif
2008,Pozitif
2009,Pozitif
2010,Pozitif
2011,Pozitif
2012,Pozitif
2013,Pozitif
2014,Pozitif
2015,Pozitif
2016,Pozitif
2017,Pozitif
2018,Negatif
2019,Negatif
2020,Pozitif
2021,Negatif
2022,Negatif
2023,Pozitif
2024,Negatif
2025,Pozitif
2026,Negatif
2027,Negatif
2028,Pozitif
2029,Pozitif
2030,Pozitif
2031,Negatif
2032,Negatif
2033,Pozitif
2034,Pozitif
2035,Pozitif
2036,Negatif
2037,Negatif
2038,Pozitif
2039,Pozitif
2040,Pozitif
2041,Negatif
2042,Negatif
2043,Pozitif
2044,Negatif
2045,Pozitif
2046,Pozitif
2047,Pozitif
2048,Pozitif
2049,Negatif
2050,Negatif
2051,Pozitif
2052,Pozitif
2053,Negatif
2054,Pozitif
2055,Pozitif
2056,Pozitif
2057,Pozitif
2058,Pozitif
2059,Negatif
2060,Pozitif
2061,Pozitif
2062,Pozitif
2063,Negatif
2064,Pozitif
2065,Pozitif
2066,Pozitif
2067,Pozitif
2068,Pozitif
2069,Pozitif
2070,Negatif
2071,Pozitif
2072,Negatif
2073,Negatif
2074,Pozitif
2075,Negatif
2076,Negatif
2077,Pozitif
2078,Pozitif
2079,Pozitif
2080,Negatif
2081,Negatif
2082,Negatif
2083,Negatif
2084,Negatif
2085,Negatif
2086,Negatif
2087,Negatif
2088,Negatif
2089,Negatif
2090,Pozitif
2091,Negatif
2092,Negatif
2093,Negatif
2094,Negatif
2095,Negatif
2096,Negatif
2097,Negatif
2098,Negatif
2099,Negatif
2100,Negatif
2101,Pozitif
2102,Pozitif
2103,Negatif
2104,Negatif
2105,Pozitif
2106,Pozitif
2107,Negatif
2108,Negatif
2109,Negatif
2110,Negatif
2111,Negatif
2112,Pozitif
2113,Pozitif
2114,Pozitif
2115,Negatif
2116,Negatif
2117,Pozitif
2118,Pozitif
2119,Pozitif
2120,Pozitif
2121,Pozitif
2122,Pozitif
2123,Pozitif
2124,Pozitif
2125,Pozitif
2126,Pozitif
2127,Pozitif
2128,Pozitif
2129,Pozitif
2130,Pozitif
2131,Pozitif
2132,Pozitif
2133,Negatif
2134,Negatif
2135,Pozitif
2136,Pozitif
2137,Pozitif
2138,Pozitif
2139,Pozitif
2140,Pozitif
2141,Pozitif
2142,Pozitif
2143,Pozitif
2144,Pozitif
2145,Pozitif
2146,Pozitif
2147,Pozitif
2148,Pozitif
2149,Pozitif
2150,Pozitif
2151,Pozitif
2152,Pozitif
2153,Pozitif
2154,Pozitif
2155,Pozitif
2156,Pozitif
2157,Pozitif
2158,Pozitif
2159,Pozitif
2160,Pozitif
2161,Pozitif
2162,Pozitif
2163,Pozitif
2164,Pozitif
2165,Pozitif
2166,Pozitif
2167,Pozitif
2168,Pozitif
2169,Pozitif
2170,Pozitif
2171,Pozitif
2172,Pozitif
2173,Pozitif
2174,Pozitif
2175,Pozitif
2176,Negatif
2177,Pozitif
2178,Pozitif
2179,Pozitif
2180,Pozitif
2181,Pozitif
2182,Pozitif
2183,Pozitif
2184,Pozitif
2185,Pozitif
2186,Pozitif
2187,Pozitif
2188,Pozitif
2189,Pozitif
2190,Pozitif
2191,Pozitif
2192,Pozitif
2193,Pozitif
2194,Pozitif
2195,Pozitif
2196,Pozitif
2197,Pozitif
2198,Pozitif
2199,Pozitif
2200,Negatif
2201,Pozitif
2202,Negatif
2203,Negatif
2204,Negatif
2205,Negatif
2206,Negatif
2207,Negatif
2208,Negatif
2209,Negatif
2210,Negatif
2211,Negatif
2212,Negatif
2213,Negatif
2214,Negatif
2215,Pozitif
2216,Negatif
2217,Negatif
2218,Pozitif
2219,Pozitif
2220,Negatif
2221,Negatif
2222,Pozitif
2223,Negatif
2224,Negatif
2225,Negatif
2226,Negatif
2227,Negatif
2228,Negatif
2229,Negatif
2230,Negatif
2231,Negatif
2232,Negatif
2233,Negatif
2234,Negatif
2235,Negatif
2236,Negatif
2237,Negatif
2238,Negatif
2239,Negatif
2240,Negatif
2241,Negatif
2242,Negatif
2243,Pozitif
2244,Pozitif
2245,Pozitif
2246,Pozitif
2247,Negatif
2248,Pozitif
2249,Pozitif
2250,Pozitif
2251,Negatif
2252,Negatif
2253,Negatif
2254,Pozitif
2255,Negatif
2256,Negatif
2257,Negatif
2258,Negatif
2259,Negatif
2260,Pozitif
2261,Pozitif
2262,Negatif
2263,Negatif
2264,Negatif
2265,Negatif
2266,Pozitif
2267,Pozitif
2268,Pozitif
2269,Pozitif
2270,Pozitif
2271,Negatif
2272,Negatif
2273,Pozitif
2274,Pozitif
2275,Pozitif
2276,Pozitif
2277,Negatif
2278,Negatif
2279,Negatif
2280,Pozitif
2281,Negatif
2282,Pozitif
2283,Negatif
2284,Negatif
2285,Negatif
2286,Negatif
2287,Pozitif
2288,Negatif
2289,Negatif
2290,Negatif
2291,Pozitif
2292,Pozitif
2293,Negatif
2294,Negatif
2295,Pozitif
2296,Pozitif
2297,Negatif
2298,Negatif
2299,Negatif
2300,Negatif
2301,Negatif
2302,Negatif
2303,Negatif
2304,Negatif
2305,Negatif
2306,Negatif
2307,Negatif
2308,Negatif
2309,Negatif
2310,Negatif
2311,Negatif
2312,Negatif
2313,Negatif
2314,Negatif
2315,Pozitif
2316,Pozitif
2317,Pozitif
2318,Pozitif
2319,Pozitif
2320,Pozitif
2321,Negatif
2322,Negatif
2323,Negatif
2324,Negatif
2325,Negatif
2326,Pozitif
2327,Negatif
2328,Negatif
2329,Pozitif
2330,Pozitif
2331,Pozitif
2332,Pozitif
2333,Pozitif
2334,Negatif
2335,Negatif
2336,Negatif
2337,Negatif
2338,Negatif
2339,Negatif
2340,Negatif
2341,Negatif
2342,Negatif
2343,Pozitif
2344,Negatif
2345,Pozitif
2346,Pozitif
2347,Pozitif
2348,Pozitif
2349,Negatif
2350,Negatif
2351,Negatif
2352,Negatif
2353,Negatif
2354,Negatif
2355,Negatif
2356,Negatif
2357,Pozitif
2358,Negatif
2359,Negatif
2360,Negatif
2361,Negatif
2362,Negatif
2363,Negatif
2364,Negatif
2365,Negatif
2366,Negatif
2367,Negatif
2368,Negatif
2369,Negatif
2370,Negatif
2371,Negatif
2372,Negatif
2373,Negatif
2374,Negatif
2375,Negatif
2376,Negatif
2377,Negatif
2378,Negatif
2379,Pozitif
2380,Negatif
2381,Negatif
2382,Negatif
2383,Negatif
2384,Negatif
2385,Negatif
2386,Negatif
2387,Negatif
2388,Negatif
2389,Negatif
2390,Negatif
2391,Negatif
2392,Negatif
2393,Negatif
2394,Negatif
2395,Negatif
2396,Negatif
2397,Negatif
2398,Negatif
2399,Pozitif
2400,Negatif
2401,Pozitif
2402,Pozitif
2403,Pozitif
2404,Pozitif
2405,Pozitif
2406,Pozitif
2407,Pozitif
2408,Pozitif
2409,Pozitif
2410,Pozitif
2411,Pozitif
2412,Pozitif
2413,Pozitif
2414,Pozitif
2415,Negatif
2416,Negatif
2417,Negatif
2418,Negatif
2419,Negatif
2420,Negatif
2421,Negatif
2422,Pozitif
2423,Negatif
2424,Negatif
2425,Negatif
2426,Negatif
2427,Negatif
2428,Negatif
2429,Negatif
2430,Negatif
2431,Negatif
2432,Negatif
2433,Negatif
2434,Negatif
2435,Pozitif
2436,Pozitif
2437,Negatif
2438,Negatif
2439,Pozitif
2440,Negatif
2441,Pozitif
2442,Pozitif
2443,Pozitif
2444,Negatif
2445,Pozitif
2446,Pozitif
2447,Negatif
2448,Negatif
2449,Negatif
2450,Negatif
2451,Negatif
2452,Negatif
2453,Negatif
2454,Negatif
2455,Negatif
2456,Negatif
2457,Negatif
2458,Negatif
2459,Negatif
2460,Negatif
2461,Pozitif
2462,Negatif
2463,Negatif
2464,Negatif
2465,Negatif
2466,Negatif
2467,Negatif
2468,Negatif
2469,Negatif
2470,Negatif
2471,Negatif
2472,Negatif
2473,Pozitif
2474,Negatif
2475,Pozitif
2476,Pozitif
2477,Pozitif
2478,Pozitif
2479,Negatif
2480,Negatif
2481,Negatif
2482,Negatif
2483,Pozitif
2484,Pozitif
2485,Pozitif
2486,Pozitif
2487,Pozitif
2488,Pozitif
2489,Pozitif
2490,Pozitif
2491,Pozitif
2492,Pozitif
2493,Pozitif
2494,Pozitif
2495,Pozitif
2496,Pozitif
2497,Pozitif
2498,Pozitif
2499,Pozitif
2500,Pozitif
2501,Pozitif
2502,Pozitif
2503,Pozitif
2504,Pozitif
2505,Pozitif
2506,Pozitif
2507,Pozitif
2508,Pozitif
2509,Negatif
2510,Pozitif
2511,Pozitif
2512,Pozitif
2513,Pozitif
2514,Pozitif
2515,Pozitif
2516,Pozitif
2517,Pozitif
2518,Pozitif
2519,Pozitif
2520,Pozitif
2521,Pozitif
2522,Pozitif
2523,Pozitif
2524,Pozitif
2525,Pozitif
2526,Pozitif
2527,Pozitif
2528,Pozitif
2529,Pozitif
2530,Pozitif
2531,Pozitif
2532,Pozitif
2533,Pozitif
2534,Pozitif
2535,Pozitif
2536,Negatif
2537,Pozitif
2538,Negatif
2539,Negatif
2540,Negatif
2541,Pozitif
2542,Pozitif
2543,Pozitif
2544,Pozitif
2545,Pozitif
2546,Negatif
2547,Pozitif
2548,Pozitif
2549,Pozitif
2550,Pozitif
2551,Pozitif
2552,Pozitif
2553,Pozitif
2554,Pozitif
2555,Pozitif
2556,Pozitif
2557,Pozitif
2558,Pozitif
2559,Pozitif
2560,Pozitif
2561,Pozitif
2562,Pozitif
2563,Negatif
2564,Pozitif
2565,Pozitif
2566,Pozitif
2567,Pozitif
2568,Pozitif
2569,Pozitif
2570,Pozitif
2571,Pozitif
2572,Pozitif
2573,Pozitif
2574,Pozitif
2575,Pozitif
2576,Pozitif
2577,Pozitif
2578,Pozitif
2579,Pozitif
2580,Pozitif
2581,Pozitif
2582,Pozitif
2583,Pozitif
2584,Pozitif
2585,Pozitif
2586,Pozitif
2587,Pozitif
2588,Pozitif
2589,Pozitif
2590,Pozitif
2591,Pozitif
2592,Pozitif
2593,Pozitif
2594,Pozitif
2595,Pozitif
2596,Pozitif
2597,Pozitif
2598,Pozitif
2599,Pozitif
2600,Pozitif
2601,Pozitif
2602,Pozitif
2603,Pozitif
2604,Negatif
2605,Pozitif
2606,Pozitif
2607,Pozitif
2608,Pozitif
2609,Pozitif
2610,Pozitif
2611,Pozitif
2612,Pozitif
2613,Pozitif
2614,Negatif
2615,Negatif
2616,Negatif
2617,Negatif
2618,Negatif
2619,Negatif
2620,Pozitif
2621,Negatif
2622,Pozitif
2623,Negatif
2624,Negatif
2625,Negatif
2626,Negatif
2627,Negatif
2628,Negatif
2629,Pozitif
2630,Pozitif
2631,Negatif
2632,Negatif
2633,Negatif
2634,Negatif
2635,Negatif
2636,Negatif
2637,Negatif
2638,Negatif
2639,Negatif
2640,Negatif
2641,Negatif
2642,Negatif
2643,Negatif
2644,Negatif
2645,Negatif
2646,Negatif
2647,Negatif
2648,Negatif
2649,Negatif
2650,Negatif
2651,Negatif
2652,Negatif
2653,Negatif
2654,Negatif
2655,Negatif
2656,Negatif
2657,Negatif
2658,Negatif
2659,Negatif
2660,Negatif
2661,Negatif
2662,Negatif
2663,Negatif
2664,Negatif
2665,Negatif
2666,Negatif
2667,Negatif
2668,Negatif
2669,Negatif
2670,Negatif
2671,Negatif
2672,Negatif
2673,Negatif
2674,Negatif
2675,Negatif
2676,Negatif
2677,Negatif
2678,Negatif
2679,Negatif
2680,Negatif
2681,Negatif
2682,Negatif
2683,Negatif
2684,Negatif
2685,Negatif
2686,Negatif
2687,Negatif
2688,Negatif
2689,Negatif
2690,Negatif
2691,Negatif
2692,Negatif
2693,Negatif
2694,Negatif
2695,Negatif
2696,Negatif
2697,Negatif
2698,Negatif
2699,Negatif
2700,Negatif
2701,Negatif
2702,Negatif
2703,Negatif
2704,Negatif
2705,Negatif
2706,Negatif
2707,Negatif
2708,Negatif
2709,Negatif
2710,Negatif
2711,Negatif
2712,Negatif
2713,Negatif
2714,Negatif
2715,Negatif
2716,Negatif
2717,Negatif
2718,Negatif
2719,Negatif
2720,Negatif
2721,Negatif
2722,Negatif
2723,Negatif
2724,Negatif
2725,Negatif
2726,Negatif
2727,Negatif
2728,Negatif
2729,Negatif
2730,Negatif
2731,Negatif
2732,Negatif
2733,Negatif
2734,Negatif
2735,Negatif
2736,Negatif
2737,Negatif
2738,Negatif
2739,Negatif
2740,Negatif
2741,Pozitif
2742,Pozitif
2743,Pozitif
2744,Pozitif
2745,Pozitif
2746,Negatif
2747,Pozitif
2748,Pozitif
2749,Pozitif
2750,Pozitif
2751,Negatif
2752,Pozitif
2753,Pozitif
2754,Pozitif
2755,Pozitif
2756,Pozitif
2757,Pozitif
2758,Pozitif
2759,Pozitif
2760,Pozitif
2761,Pozitif
2762,Pozitif
2763,Pozitif
2764,Pozitif
2765,Pozitif
2766,Pozitif
2767,Pozitif
2768,Pozitif
2769,Negatif
2770,Negatif
2771,Negatif
2772,Negatif
2773,Negatif
2774,Negatif
2775,Negatif
2776,Negatif
2777,Negatif
2778,Negatif
2779,Negatif
2780,Negatif
2781,Negatif
2782,Negatif
2783,Negatif
2784,Negatif
2785,Negatif
2786,Negatif
2787,Negatif
2788,Negatif
2789,Negatif
2790,Negatif
2791,Negatif
2792,Negatif
2793,Negatif
2794,Pozitif
2795,Pozitif
2796,Pozitif
2797,Pozitif
2798,Pozitif
2799,Pozitif
2800,Pozitif
2801,Pozitif
2802,Pozitif
2803,Pozitif
2804,Pozitif
2805,Pozitif
2806,Pozitif
2807,Pozitif
2808,Negatif
2809,Pozitif
2810,Pozitif
2811,Pozitif
2812,Pozitif
2813,Pozitif
2814,Pozitif
2815,Pozitif
2816,Pozitif
2817,Pozitif
2818,Pozitif
2819,Pozitif
2820,Pozitif
2821,Negatif
2822,Pozitif
2823,Pozitif
2824,Pozitif
2825,Negatif
2826,Pozitif
2827,Pozitif
2828,Pozitif
2829,Pozitif
2830,Pozitif
2831,Pozitif
2832,Pozitif
2833,Pozitif
2834,Pozitif
2835,Pozitif
2836,Pozitif
2837,Pozitif
2838,Pozitif
2839,Pozitif
2840,Pozitif
2841,Pozitif
2842,Pozitif
2843,Pozitif
2844,Pozitif
2845,Pozitif
2846,Pozitif
2847,Pozitif
2848,Pozitif
2849,Pozitif
2850,Pozitif
2851,Pozitif
2852,Pozitif
2853,Negatif
2854,Pozitif
2855,Pozitif
2856,Pozitif
2857,Pozitif
2858,Pozitif
2859,Negatif
2860,Pozitif
2861,Pozitif
2862,Pozitif
2863,Pozitif
2864,Pozitif
2865,Pozitif
2866,Pozitif
2867,Pozitif
2868,Pozitif
2869,Pozitif
2870,Pozitif
2871,Pozitif
2872,Negatif
2873,Pozitif
2874,Negatif
2875,Pozitif
2876,Pozitif
2877,Pozitif
2878,Pozitif
2879,Pozitif
2880,Pozitif
2881,Pozitif
2882,Pozitif
2883,Pozitif
2884,Pozitif
2885,Pozitif
2886,Pozitif
2887,Pozitif
2888,Pozitif
2889,Pozitif
2890,Pozitif
2891,Pozitif
2892,Pozitif
2893,Pozitif
2894,Pozitif
2895,Pozitif
2896,Pozitif
2897,Pozitif
2898,Pozitif
2899,Pozitif
2900,Pozitif
2901,Pozitif
2902,Pozitif
2903,Pozitif
2904,Pozitif
2905,Pozitif
2906,Pozitif
2907,Pozitif
2908,Pozitif
2909,Pozitif
2910,Pozitif
2911,Pozitif
2912,Negatif
2913,Pozitif
2914,Pozitif
2915,Pozitif
2916,Pozitif
2917,Pozitif
2918,Pozitif
2919,Pozitif
2920,Pozitif
2921,Pozitif
2922,Pozitif
2923,Negatif
2924,Pozitif
2925,Pozitif
2926,Pozitif
2927,Pozitif
2928,Pozitif
2929,Pozitif
2930,Pozitif
2931,Pozitif
2932,Pozitif
2933,Pozitif
2934,Pozitif
2935,Negatif
2936,Negatif
2937,Pozitif
2938,Pozitif
2939,Pozitif
2940,Pozitif
2941,Negatif
2942,Negatif
2943,Pozitif
2944,Pozitif
2945,Pozitif
2946,Pozitif
2947,Pozitif
2948,Pozitif
2949,Pozitif
2950,Pozitif
2951,Pozitif
2952,Pozitif
2953,Pozitif
2954,Pozitif
2955,Pozitif
2956,Pozitif
2957,Pozitif
2958,Pozitif
2959,Negatif
2960,Pozitif
2961,Pozitif
2962,Pozitif
2963,Pozitif
2964,Pozitif
2965,Negatif
2966,Pozitif
2967,Pozitif
2968,Pozitif
2969,Pozitif
2970,Pozitif
2971,Pozitif
2972,Pozitif
2973,Pozitif
2974,Pozitif
2975,Pozitif
2976,Pozitif
2977,Negatif
2978,Negatif
2979,Pozitif
2980,Pozitif
2981,Pozitif
2982,Pozitif
2983,Pozitif
2984,Pozitif
2985,Pozitif
2986,Negatif
2987,Pozitif
2988,Pozitif
2989,Pozitif
2990,Pozitif
2991,Pozitif
2992,Pozitif
2993,Pozitif
2994,Pozitif
2995,Pozitif
2996,Pozitif
2997,Pozitif
2998,Pozitif
2999,Pozitif
3000,Pozitif
3001,Pozitif
3002,Pozitif
3003,Pozitif
3004,Pozitif
3005,Pozitif
3006,Pozitif
3007,Pozitif
3008,Pozitif
3009,Negatif
3010,Pozitif
3011,Pozitif
3012,Pozitif
3013,Pozitif
3014,Pozitif
3015,Pozitif
3016,Pozitif
3017,Pozitif
3018,Pozitif
3019,Negatif
3020,Pozitif
3021,Pozitif
3022,Pozitif
3023,Pozitif
3024,Pozitif
3025,Negatif
3026,Negatif
3027,Pozitif
3028,Pozitif
3029,Pozitif
3030,Pozitif
3031,Negatif
3032,Negatif
3033,Pozitif
3034,Pozitif
3035,Pozitif
3036,Pozitif
3037,Pozitif
3038,Pozitif
3039,Pozitif
3040,Pozitif
3041,Pozitif
3042,Pozitif
3043,Pozitif
3044,Negatif
3045,Negatif
3046,Negatif
3047,Negatif
3048,Negatif
3049,Negatif
3050,Negatif
3051,Negatif
3052,Negatif
3053,Negatif
3054,Negatif
3055,Negatif
3056,Negatif
3057,Negatif
3058,Negatif
3059,Negatif
3060,Negatif
3061,Pozitif
3062,Negatif
3063,Negatif
3064,Negatif
3065,Negatif
3066,Pozitif
3067,Pozitif
3068,Negatif
3069,Negatif
3070,Negatif
3071,Negatif
3072,Negatif
3073,Negatif
3074,Pozitif
3075,Negatif
3076,Negatif
3077,Negatif
3078,Negatif
3079,Pozitif
3080,Negatif
3081,Negatif
3082,Negatif
3083,Negatif
3084,Negatif
3085,Negatif
3086,Negatif
3087,Negatif
3088,Negatif
3089,Negatif
3090,Negatif
3091,Negatif
3092,Negatif
3093,Negatif
3094,Negatif
3095,Negatif
3096,Negatif
3097,Negatif
3098,Negatif
3099,Pozitif
3100,Pozitif
3101,Pozitif
3102,Negatif
3103,Negatif
3104,Pozitif
3105,Pozitif
3106,Pozitif
3107,Negatif
3108,Pozitif
3109,Negatif
3110,Negatif
3111,Pozitif
3112,Negatif
3113,Negatif
3114,Negatif
3115,Pozitif
3116,Negatif
3117,Negatif
3118,Pozitif
3119,Pozitif
3120,Pozitif
3121,Pozitif
3122,Negatif
3123,Pozitif
3124,Pozitif
3125,Pozitif
3126,Negatif
3127,Negatif
3128,Pozitif
3129,Pozitif
3130,Pozitif
3131,Negatif
3132,Negatif
3133,Pozitif
3134,Negatif
3135,Pozitif
3136,Pozitif
3137,Pozitif
3138,Pozitif
3139,Negatif
3140,Negatif
3141,Negatif
3142,Pozitif
3143,Pozitif
3144,Pozitif
3145,Negatif
3146,Negatif
3147,Pozitif
3148,Pozitif
3149,Pozitif
3150,Negatif
3151,Negatif
3152,Negatif
3153,Pozitif
3154,Pozitif
3155,Pozitif
3156,Pozitif
3157,Negatif
3158,Pozitif
3159,Pozitif
3160,Negatif
3161,Pozitif
3162,Pozitif
3163,Negatif
3164,Pozitif
3165,Negatif
3166,Negatif
3167,Negatif
3168,Pozitif
3169,Negatif
3170,Negatif
3171,Pozitif
3172,Pozitif
3173,Negatif
3174,Negatif
3175,Pozitif
3176,Negatif
3177,Negatif
3178,Pozitif
3179,Pozitif
3180,Pozitif
3181,Pozitif
3182,Pozitif
3183,Pozitif
3184,Negatif
3185,Negatif
3186,Negatif
3187,Negatif
3188,Pozitif
3189,Pozitif
3190,Negatif
3191,Negatif
3192,Negatif
3193,Negatif
3194,Pozitif
3195,Negatif
3196,Negatif
3197,Negatif
3198,Pozitif
3199,Negatif
3200,Negatif
3201,Pozitif
3202,Pozitif
3203,Pozitif
3204,Negatif
3205,Pozitif
3206,Negatif
3207,Pozitif
3208,Pozitif
3209,Negatif
3210,Negatif
3211,Pozitif
3212,Pozitif
3213,Negatif
3214,Negatif
3215,Negatif
3216,Negatif
3217,Pozitif
3218,Negatif
3219,Negatif
3220,Negatif
3221,Negatif
3222,Pozitif
3223,Negatif
3224,Negatif
3225,Negatif
3226,Pozitif
3227,Negatif
3228,Pozitif
3229,Pozitif
3230,Negatif
3231,Negatif
3232,Pozitif
3233,Pozitif
3234,Pozitif
3235,Pozitif
3236,Negatif
3237,Negatif
3238,Negatif
3239,Negatif
3240,Negatif
3241,Negatif
3242,Negatif
3243,Pozitif
3244,Negatif
3245,Pozitif
3246,Negatif
3247,Pozitif
3248,Negatif
3249,Negatif
3250,Pozitif
3251,Pozitif
3252,Negatif
3253,Pozitif
3254,Negatif
3255,Pozitif
3256,Pozitif
3257,Negatif
3258,Negatif
3259,Pozitif
3260,Pozitif
3261,Negatif
3262,Pozitif
3263,Pozitif
3264,Negatif
3265,Pozitif
3266,Negatif
3267,Negatif
3268,Pozitif
3269,Pozitif
3270,Negatif
3271,Negatif
3272,Negatif
3273,Negatif
3274,Negatif
3275,Pozitif
3276,Negatif
3277,Negatif
3278,Pozitif
3279,Negatif
3280,Negatif
3281,Negatif
3282,Negatif
3283,Pozitif
3284,Pozitif
3285,Negatif
3286,Negatif
3287,Negatif
3288,Negatif
3289,Negatif
3290,Pozitif
3291,Negatif
3292,Pozitif
3293,Pozitif
3294,Negatif
3295,Pozitif
3296,Negatif
3297,Negatif
3298,Pozitif
3299,Pozitif
3300,Pozitif
3301,Pozitif
3302,Pozitif
3303,Negatif
3304,Pozitif
3305,Negatif
3306,Negatif
3307,Negatif
3308,Negatif
3309,Pozitif
3310,Negatif
3311,Pozitif
3312,Negatif
3313,Pozitif
3314,Negatif
3315,Negatif
3316,Negatif
3317,Negatif
3318,Pozitif
3319,Negatif
3320,Pozitif
3321,Negatif
3322,Negatif
3323,Pozitif
3324,Negatif
3325,Negatif
3326,Negatif
3327,Pozitif
3328,Negatif
3329,Pozitif
3330,Negatif
3331,Pozitif
3332,Negatif
3333,Pozitif
3334,Pozitif
3335,Pozitif
3336,Pozitif
3337,Negatif
3338,Pozitif
3339,Pozitif
3340,Negatif
3341,Pozitif
3342,Pozitif
3343,Pozitif
3344,Negatif
3345,Negatif
3346,Pozitif
3347,Pozitif
3348,Pozitif
3349,Negatif
3350,Negatif
3351,Negatif
3352,Pozitif
3353,Pozitif
3354,Pozitif
3355,Pozitif
3356,Negatif
3357,Pozitif
3358,Pozitif
3359,Pozitif
3360,Pozitif
3361,Pozitif
3362,Negatif
3363,Negatif
3364,Pozitif
3365,Negatif
3366,Pozitif
3367,Negatif
3368,Pozitif
3369,Negatif
3370,Negatif
3371,Negatif
3372,Pozitif
3373,Negatif
3374,Negatif
3375,Pozitif
3376,Pozitif
3377,Negatif
3378,Pozitif
3379,Pozitif
3380,Pozitif
3381,Negatif
3382,Negatif
3383,Pozitif
3384,Negatif
3385,Pozitif
3386,Pozitif
3387,Pozitif
3388,Negatif
3389,Negatif
3390,Negatif
3391,Pozitif
3392,Pozitif
3393,Negatif
3394,Pozitif
3395,Negatif
3396,Pozitif
3397,Pozitif
3398,Negatif
3399,Negatif
3400,Negatif
3401,Pozitif
3402,Negatif
3403,Pozitif
3404,Negatif
3405,Negatif
3406,Negatif
3407,Negatif
3408,Pozitif
3409,Pozitif
3410,Pozitif
3411,Pozitif
3412,Negatif
3413,Negatif
3414,Pozitif
3415,Negatif
3416,Negatif
3417,Pozitif
3418,Negatif
3419,Pozitif
3420,Pozitif
3421,Negatif
3422,Pozitif
3423,Negatif
3424,Negatif
3425,Negatif
3426,Pozitif
3427,Pozitif
3428,Negatif
3429,Negatif
3430,Pozitif
3431,Negatif
3432,Pozitif
3433,Negatif
3434,Negatif
3435,Pozitif
3436,Pozitif
3437,Negatif
3438,Negatif
3439,Pozitif
3440,Pozitif
3441,Negatif
3442,Negatif
3443,Negatif
3444,Pozitif
3445,Pozitif
3446,Negatif
3447,Negatif
3448,Pozitif
3449,Negatif
3450,Negatif
3451,Negatif
3452,Pozitif
3453,Negatif
3454,Pozitif
3455,Negatif
3456,Pozitif
3457,Pozitif
3458,Negatif
3459,Pozitif
3460,Pozitif
3461,Negatif
3462,Pozitif
3463,Negatif
3464,Negatif
3465,Negatif
3466,Negatif
3467,Pozitif
3468,Pozitif
3469,Pozitif
3470,Negatif
3471,Pozitif
3472,Pozitif
3473,Negatif
3474,Negatif
3475,Pozitif
3476,Pozitif
3477,Negatif
3478,Pozitif
3479,Pozitif
3480,Negatif
3481,Pozitif
3482,Negatif
3483,Pozitif
3484,Negatif
3485,Negatif
3486,Negatif
3487,Negatif
3488,Pozitif
3489,Negatif
3490,Negatif
3491,Pozitif
3492,Negatif
3493,Pozitif
3494,Pozitif
3495,Pozitif
3496,Pozitif
3497,Negatif
3498,Negatif
3499,Pozitif
3500,Negatif
3501,Negatif
3502,Negatif
3503,Pozitif
3504,Pozitif
3505,Negatif
3506,Negatif
3507,Pozitif
3508,Negatif
3509,Pozitif
3510,Pozitif
3511,Negatif
3512,Negatif
3513,Negatif
3514,Pozitif
3515,Negatif
3516,Negatif
3517,Pozitif
3518,Pozitif
3519,Pozitif
3520,Negatif
3521,Negatif
3522,Negatif
3523,Pozitif
3524,Negatif
3525,Negatif
3526,Negatif
3527,Pozitif
3528,Negatif
3529,Pozitif
3530,Negatif
3531,Negatif
3532,Negatif
3533,Pozitif
3534,Negatif
3535,Pozitif
3536,Pozitif
3537,Negatif
3538,Pozitif
3539,Negatif
3540,Pozitif
3541,Negatif
3542,Negatif
3543,Negatif
3544,Negatif
3545,Pozitif
3546,Pozitif
3547,Pozitif
3548,Pozitif
3549,Pozitif
3550,Negatif
3551,Negatif
3552,Pozitif
3553,Negatif
3554,Pozitif
3555,Pozitif
3556,Pozitif
3557,Negatif
3558,Pozitif
3559,Negatif
3560,Pozitif
3561,Pozitif
3562,Pozitif
3563,Negatif
3564,Pozitif
3565,Negatif
3566,Negatif
3567,Pozitif
3568,Pozitif
3569,Negatif
3570,Negatif
3571,Pozitif
3572,Negatif
3573,Negatif
3574,Pozitif
3575,Pozitif
3576,Pozitif
3577,Negatif
3578,Negatif
3579,Pozitif
3580,Pozitif
3581,Negatif
3582,Pozitif
3583,Negatif
3584,Pozitif
3585,Negatif
3586,Negatif
3587,Pozitif
3588,Pozitif
3589,Negatif
3590,Negatif
3591,Negatif
3592,Negatif
3593,Negatif
3594,Negatif
3595,Negatif
3596,Pozitif
3597,Negatif
3598,Pozitif
3599,Negatif
3600,Negatif
3601,Negatif
3602,Pozitif
3603,Pozitif
3604,Negatif
3605,Pozitif
3606,Pozitif
3607,Pozitif
3608,Negatif
3609,Negatif
3610,Negatif
3611,Pozitif
3612,Pozitif
3613,Negatif
3614,Pozitif
3615,Negatif
3616,Pozitif
3617,Negatif
3618,Negatif
3619,Pozitif
3620,Pozitif
3621,Pozitif
3622,Pozitif
3623,Negatif
3624,Pozitif
3625,Pozitif
3626,Negatif
3627,Negatif
3628,Pozitif
3629,Negatif
3630,Negatif
3631,Negatif
3632,Pozitif
3633,Pozitif
3634,Negatif
3635,Pozitif
3636,Pozitif
3637,Negatif
3638,Negatif
3639,Negatif
3640,Pozitif
3641,Negatif
3642,Pozitif
3643,Pozitif
3644,Negatif
3645,Pozitif
3646,Pozitif
3647,Negatif
3648,Pozitif
3649,Pozitif
3650,Negatif
3651,Negatif
3652,Negatif
3653,Pozitif
3654,Pozitif
3655,Negatif
3656,Pozitif
3657,Negatif
3658,Pozitif
3659,Pozitif
3660,Negatif
3661,Negatif
3662,Negatif
3663,Pozitif
3664,Negatif
3665,Pozitif
3666,Pozitif
3667,Pozitif
3668,Negatif
3669,Pozitif
3670,Negatif
3671,Pozitif
3672,Pozitif
3673,Pozitif
3674,Negatif
3675,Pozitif
3676,Negatif
3677,Negatif
3678,Pozitif
3679,Negatif
3680,Pozitif
3681,Pozitif
3682,Pozitif
3683,Negatif
3684,Negatif
3685,Pozitif
3686,Pozitif
3687,Negatif
3688,Pozitif
3689,Pozitif
3690,Pozitif
3691,Negatif
3692,Negatif
3693,Negatif
3694,Negatif
3695,Negatif
3696,Negatif
3697,Negatif
3698,Pozitif
3699,Pozitif
3700,Negatif
3701,Pozitif
3702,Pozitif
3703,Negatif
3704,Negatif
3705,Negatif
3706,Negatif
3707,Negatif
3708,Negatif
3709,Pozitif
3710,Negatif
3711,Negatif
3712,Pozitif
3713,Negatif
3714,Pozitif
3715,Negatif
3716,Negatif
3717,Negatif
3718,Pozitif
3719,Negatif
3720,Negatif
3721,Negatif
3722,Negatif
3723,Negatif
3724,Negatif
3725,Negatif
3726,Negatif
3727,Negatif
3728,Pozitif
3729,Pozitif
3730,Negatif
3731,Pozitif
3732,Pozitif
3733,Pozitif
3734,Pozitif
3735,Negatif
3736,Pozitif
3737,Negatif
3738,Pozitif
3739,Negatif
3740,Pozitif
3741,Negatif
3742,Pozitif
3743,Pozitif
3744,Negatif
3745,Negatif
3746,Negatif
3747,Negatif
3748,Pozitif
3749,Pozitif
3750,Pozitif
3751,Pozitif
3752,Negatif
3753,Negatif
3754,Negatif
3755,Pozitif
3756,Pozitif
3757,Pozitif
3758,Negatif
3759,Pozitif
3760,Pozitif
3761,Pozitif
3762,Pozitif
3763,Negatif
3764,Negatif
3765,Pozitif
3766,Pozitif
3767,Negatif
3768,Negatif
3769,Pozitif
3770,Pozitif
3771,Pozitif
3772,Negatif
3773,Pozitif
3774,Pozitif
3775,Negatif
3776,Negatif
3777,Pozitif
3778,Pozitif
3779,Negatif
3780,Negatif
3781,Pozitif
3782,Negatif
3783,Pozitif
3784,Negatif
3785,Negatif
3786,Negatif
3787,Pozitif
3788,Negatif
3789,Pozitif
3790,Pozitif
3791,Pozitif
3792,Negatif
3793,Negatif
3794,Negatif
3795,Negatif
3796,Pozitif
3797,Pozitif
3798,Negatif
3799,Negatif
3800,Pozitif
3801,Negatif
3802,Negatif
3803,Negatif
3804,Pozitif
3805,Negatif
3806,Pozitif
3807,Pozitif
3808,Pozitif
3809,Negatif
3810,Negatif
3811,Pozitif
3812,Negatif
3813,Pozitif
3814,Pozitif
3815,Pozitif
3816,Negatif
3817,Pozitif
3818,Pozitif
3819,Pozitif
3820,Negatif
3821,Pozitif
3822,Negatif
3823,Pozitif
3824,Negatif
3825,Pozitif
3826,Negatif
3827,Pozitif
3828,Negatif
3829,Pozitif
3830,Negatif
3831,Negatif
3832,Negatif
3833,Negatif
3834,Pozitif
3835,Pozitif
3836,Pozitif
3837,Pozitif
3838,Pozitif
3839,Negatif
3840,Negatif
3841,Negatif
3842,Pozitif
3843,Pozitif
3844,Pozitif
3845,Pozitif
3846,Negatif
3847,Pozitif
3848,Negatif
3849,Negatif
3850,Pozitif
3851,Negatif
3852,Pozitif
3853,Negatif
3854,Negatif
3855,Negatif
3856,Negatif
3857,Pozitif
3858,Negatif
3859,Pozitif
3860,Negatif
3861,Pozitif
3862,Pozitif
3863,Negatif
3864,Pozitif
3865,Pozitif
3866,Pozitif
3867,Negatif
3868,Negatif
3869,Pozitif
3870,Pozitif
3871,Negatif
3872,Pozitif
3873,Negatif
3874,Negatif
3875,Negatif
3876,Pozitif
3877,Negatif
3878,Pozitif
3879,Pozitif
3880,Negatif
3881,Negatif
3882,Pozitif
3883,Negatif
3884,Pozitif
3885,Negatif
3886,Negatif
3887,Pozitif
3888,Pozitif
3889,Negatif
3890,Negatif
3891,Pozitif
3892,Negatif
3893,Negatif
3894,Negatif
3895,Negatif
3896,Negatif
3897,Pozitif
3898,Negatif
3899,Pozitif
3900,Negatif
3901,Negatif
3902,Pozitif
3903,Pozitif
3904,Pozitif
3905,Pozitif
3906,Negatif
3907,Pozitif
3908,Pozitif
3909,Pozitif
3910,Negatif
3911,Pozitif
3912,Negatif
3913,Negatif
3914,Pozitif
3915,Pozitif
3916,Pozitif
3917,Pozitif
3918,Pozitif
3919,Negatif
3920,Negatif
3921,Pozitif
3922,Negatif
3923,Negatif
3924,Negatif
3925,Negatif
3926,Negatif
3927,Pozitif
3928,Pozitif
3929,Pozitif
3930,Pozitif
3931,Pozitif
3932,Pozitif
3933,Pozitif
3934,Negatif
3935,Negatif
3936,Negatif
3937,Negatif
3938,Negatif
3939,Negatif
3940,Pozitif
3941,Pozitif
3942,Pozitif
3943,Negatif
3944,Negatif
3945,Pozitif
3946,Pozitif
3947,Negatif
3948,Negatif
3949,Negatif
3950,Pozitif
3951,Negatif
3952,Pozitif
3953,Negatif
3954,Pozitif
3955,Pozitif
3956,Pozitif
3957,Negatif
3958,Pozitif
3959,Pozitif
3960,Negatif
3961,Pozitif
3962,Negatif
3963,Negatif
3964,Negatif
3965,Pozitif
3966,Negatif
3967,Negatif
3968,Pozitif
3969,Negatif
3970,Negatif
3971,Pozitif
3972,Pozitif
3973,Pozitif
3974,Pozitif
3975,Pozitif
3976,Pozitif
3977,Pozitif
3978,Negatif
3979,Pozitif
3980,Negatif
3981,Negatif
3982,Pozitif
3983,Pozitif
3984,Negatif
3985,Pozitif
3986,Pozitif
3987,Pozitif
3988,Negatif
3989,Pozitif
3990,Pozitif
3991,Pozitif
3992,Pozitif
3993,Pozitif
3994,Negatif
3995,Negatif
3996,Negatif
3997,Pozitif
3998,Negatif
3999,Pozitif
4000,Pozitif
4001,Negatif
4002,Negatif
4003,Negatif
4004,Negatif
4005,Negatif
4006,Negatif
4007,Pozitif
4008,Negatif
4009,Negatif
4010,Pozitif
4011,Pozitif
4012,Pozitif
4013,Pozitif
4014,Pozitif
4015,Pozitif
4016,Negatif
4017,Pozitif
4018,Pozitif
4019,Pozitif
4020,Negatif
4021,Negatif
4022,Negatif
4023,Negatif
4024,Pozitif
4025,Negatif
4026,Negatif
4027,Pozitif
4028,Pozitif
4029,Negatif
4030,Pozitif
4031,Negatif
4032,Negatif
4033,Pozitif
4034,Pozitif
4035,Negatif
4036,Negatif
4037,Pozitif
4038,Pozitif
4039,Negatif
4040,Pozitif
4041,Negatif
4042,Negatif
4043,Pozitif
4044,Pozitif
4045,Negatif
4046,Pozitif
4047,Pozitif
4048,Negatif
4049,Pozitif
4050,Pozitif
4051,Negatif
4052,Pozitif
4053,Pozitif
4054,Pozitif
4055,Negatif
4056,Negatif
4057,Pozitif
4058,Pozitif
4059,Negatif
4060,Pozitif
4061,Pozitif
4062,Negatif
4063,Negatif
4064,Negatif
4065,Negatif
4066,Negatif
4067,Pozitif
4068,Pozitif
4069,Negatif
4070,Negatif
4071,Pozitif
4072,Pozitif
4073,Negatif
4074,Negatif
4075,Pozitif
4076,Negatif
4077,Negatif
4078,Pozitif
4079,Negatif
4080,Pozitif
4081,Negatif
4082,Negatif
4083,Pozitif
4084,Negatif
4085,Pozitif
4086,Pozitif
4087,Pozitif
4088,Negatif
4089,Negatif
4090,Pozitif
4091,Negatif
4092,Negatif
4093,Pozitif
4094,Negatif
4095,Pozitif
4096,Negatif
4097,Pozitif
4098,Pozitif
4099,Pozitif
4100,Pozitif
4101,Pozitif
4102,Negatif
4103,Pozitif
4104,Pozitif
4105,Pozitif
4106,Negatif
4107,Negatif
4108,Pozitif
4109,Pozitif
4110,Pozitif
4111,Negatif
4112,Pozitif
4113,Pozitif
4114,Pozitif
4115,Negatif
4116,Negatif
4117,Negatif
4118,Negatif
4119,Negatif
4120,Negatif
4121,Negatif
4122,Pozitif
4123,Negatif
4124,Pozitif
4125,Pozitif
4126,Negatif
4127,Negatif
4128,Pozitif
4129,Negatif
4130,Pozitif
4131,Pozitif
4132,Pozitif
4133,Pozitif
4134,Negatif
4135,Pozitif
4136,Pozitif
4137,Negatif
4138,Negatif
4139,Pozitif
4140,Pozitif
4141,Negatif
4142,Pozitif
4143,Pozitif
4144,Pozitif
4145,Negatif
4146,Negatif
4147,Pozitif
4148,Negatif
4149,Negatif
4150,Pozitif
4151,Negatif
4152,Negatif
4153,Negatif
4154,Pozitif
4155,Negatif
4156,Negatif
4157,Negatif
4158,Negatif
4159,Pozitif
4160,Pozitif
4161,Negatif
4162,Pozitif
4163,Pozitif
4164,Negatif
4165,Negatif
4166,Negatif
4167,Negatif
4168,Pozitif
4169,Pozitif
4170,Negatif
4171,Pozitif
4172,Pozitif
4173,Pozitif
4174,Negatif
4175,Pozitif
4176,Negatif
4177,Pozitif
4178,Pozitif
4179,Pozitif
4180,Pozitif
4181,Negatif
4182,Negatif
4183,Negatif
4184,Negatif
4185,Pozitif
4186,Negatif
4187,Negatif
4188,Pozitif
4189,Pozitif
4190,Negatif
4191,Pozitif
4192,Negatif
4193,Negatif
4194,Pozitif
4195,Negatif
4196,Pozitif
4197,Negatif
4198,Negatif
4199,Pozitif
4200,Pozitif
4201,Pozitif
4202,Pozitif
4203,Pozitif
4204,Pozitif
4205,Negatif
4206,Negatif
4207,Negatif
4208,Pozitif
4209,Pozitif
4210,Pozitif
4211,Pozitif
4212,Negatif
4213,Negatif
4214,Negatif
4215,Pozitif
4216,Negatif
4217,Negatif
4218,Negatif
4219,Pozitif
4220,Negatif
4221,Pozitif
4222,Pozitif
4223,Negatif
4224,Pozitif
4225,Pozitif
4226,Negatif
4227,Negatif
4228,Negatif
4229,Negatif
4230,Pozitif
4231,Negatif
4232,Pozitif
4233,Pozitif
4234,Pozitif
4235,Negatif
4236,Negatif
4237,Negatif
4238,Pozitif
4239,Pozitif
4240,Negatif
4241,Negatif
4242,Negatif
4243,Pozitif
4244,Pozitif
4245,Negatif
4246,Pozitif
4247,Pozitif
4248,Negatif
4249,Pozitif
4250,Negatif
4251,Negatif
4252,Negatif
4253,Negatif
4254,Negatif
4255,Pozitif
4256,Negatif
4257,Pozitif
4258,Pozitif
4259,Negatif
4260,Negatif
4261,Negatif
4262,Pozitif
4263,Pozitif
4264,Pozitif
4265,Pozitif
4266,Negatif
4267,Pozitif
4268,Negatif
4269,Negatif
4270,Pozitif
4271,Negatif
4272,Negatif
4273,Negatif
4274,Negatif
4275,Negatif
4276,Pozitif
4277,Pozitif
4278,Pozitif
4279,Negatif
4280,Negatif
4281,Negatif
4282,Pozitif
4283,Pozitif
4284,Pozitif
4285,Negatif
4286,Pozitif
4287,Pozitif
4288,Negatif
4289,Pozitif
4290,Pozitif
4291,Negatif
4292,Negatif
4293,Pozitif
4294,Negatif
4295,Negatif
4296,Pozitif
4297,Pozitif
4298,Negatif
4299,Pozitif
4300,Negatif
4301,Negatif
4302,Negatif
4303,Negatif
4304,Pozitif
4305,Negatif
4306,Pozitif
4307,Pozitif
4308,Negatif
4309,Negatif
4310,Pozitif
4311,Negatif
4312,Negatif
4313,Pozitif
4314,Negatif
4315,Negatif
4316,Negatif
4317,Negatif
4318,Pozitif
4319,Pozitif
4320,Pozitif
4321,Pozitif
4322,Negatif
4323,Pozitif
4324,Negatif
4325,Pozitif
4326,Pozitif
4327,Negatif
4328,Pozitif
4329,Negatif
4330,Negatif
4331,Pozitif
4332,Negatif
4333,Pozitif
4334,Negatif
4335,Negatif
4336,Pozitif
4337,Negatif
4338,Pozitif
4339,Negatif
4340,Pozitif
4341,Negatif
4342,Pozitif
4343,Negatif
4344,Negatif
4345,Pozitif
4346,Pozitif
4347,Negatif
4348,Pozitif
4349,Pozitif
4350,Pozitif
4351,Negatif
4352,Negatif
4353,Negatif
4354,Pozitif
4355,Pozitif
4356,Pozitif
4357,Pozitif
4358,Pozitif
4359,Negatif
4360,Pozitif
4361,Pozitif
4362,Negatif
4363,Negatif
4364,Pozitif
4365,Negatif
4366,Pozitif
4367,Negatif
4368,Pozitif
4369,Negatif
4370,Pozitif
4371,Pozitif
4372,Pozitif
4373,Negatif
4374,Negatif
4375,Negatif
4376,Negatif
4377,Pozitif
4378,Pozitif
4379,Pozitif
4380,Negatif
4381,Pozitif
4382,Pozitif
4383,Negatif
4384,Pozitif
4385,Pozitif
4386,Negatif
4387,Pozitif
4388,Negatif
4389,Negatif
4390,Pozitif
4391,Negatif
4392,Pozitif
4393,Pozitif
4394,Negatif
4395,Negatif
4396,Pozitif
4397,Pozitif
4398,Negatif
4399,Pozitif
4400,Pozitif
4401,Negatif
4402,Pozitif
4403,Pozitif
4404,Pozitif
4405,Negatif
4406,Negatif
4407,Negatif
4408,Negatif
4409,Pozitif
4410,Negatif
4411,Negatif
4412,Pozitif
4413,Pozitif
4414,Pozitif
4415,Negatif
4416,Pozitif
4417,Negatif
4418,Pozitif
4419,Negatif
4420,Negatif
4421,Pozitif
4422,Pozitif
4423,Pozitif
4424,Pozitif
4425,Pozitif
4426,Pozitif
4427,Negatif
4428,Pozitif
4429,Pozitif
4430,Pozitif
4431,Negatif
4432,Pozitif
4433,Pozitif
4434,Negatif
4435,Negatif
4436,Pozitif
4437,Negatif
4438,Pozitif
4439,Negatif
4440,Pozitif
4441,Negatif
4442,Negatif
4443,Negatif
4444,Negatif
4445,Negatif
4446,Negatif
4447,Pozitif
4448,Pozitif
4449,Negatif
4450,Pozitif
4451,Pozitif
4452,Pozitif
4453,Negatif
4454,Negatif
4455,Pozitif
4456,Pozitif
4457,Negatif
4458,Negatif
4459,Negatif
4460,Pozitif
4461,Pozitif
4462,Pozitif
4463,Pozitif
4464,Negatif
4465,Negatif
4466,Pozitif
4467,Negatif
4468,Negatif
4469,Negatif
4470,Pozitif
4471,Pozitif
4472,Negatif
4473,Pozitif
4474,Negatif
4475,Negatif
4476,Pozitif
4477,Pozitif
4478,Negatif
4479,Pozitif
4480,Pozitif
4481,Pozitif
4482,Pozitif
4483,Negatif
4484,Negatif
4485,Pozitif
4486,Negatif
4487,Pozitif
4488,Pozitif
4489,Negatif
4490,Negatif
4491,Pozitif
4492,Negatif
4493,Negatif
4494,Pozitif
4495,Negatif
4496,Negatif
4497,Negatif
4498,Negatif
4499,Negatif
4500,Negatif
4501,Negatif
4502,Pozitif
4503,Pozitif
4504,Pozitif
4505,Pozitif
4506,Pozitif
4507,Negatif
4508,Pozitif
4509,Pozitif
4510,Pozitif
4511,Pozitif
4512,Negatif
4513,Pozitif
4514,Negatif
4515,Pozitif
4516,Pozitif
4517,Pozitif
4518,Pozitif
4519,Pozitif
4520,Negatif
4521,Pozitif
4522,Pozitif
4523,Pozitif
4524,Negatif
4525,Negatif
4526,Pozitif
4527,Pozitif
4528,Pozitif
4529,Pozitif
4530,Pozitif
4531,Negatif
4532,Negatif
4533,Pozitif
4534,Pozitif
4535,Pozitif
4536,Pozitif
4537,Negatif
4538,Pozitif
4539,Negatif
4540,Negatif
4541,Negatif
4542,Negatif
4543,Pozitif
4544,Negatif
4545,Pozitif
4546,Pozitif
4547,Pozitif
4548,Pozitif
4549,Negatif
4550,Negatif
4551,Negatif
4552,Negatif
4553,Pozitif
4554,Pozitif
4555,Negatif
4556,Pozitif
4557,Negatif
4558,Pozitif
4559,Negatif
4560,Pozitif
4561,Pozitif
4562,Negatif
4563,Pozitif
4564,Pozitif
4565,Negatif
4566,Negatif
4567,Pozitif
4568,Pozitif
4569,Negatif
4570,Negatif
4571,Pozitif
4572,Pozitif
4573,Negatif
4574,Negatif
4575,Pozitif
4576,Negatif
4577,Negatif
4578,Pozitif
4579,Pozitif
4580,Negatif
4581,Negatif
4582,Pozitif
4583,Negatif
4584,Negatif
4585,Negatif
4586,Pozitif
4587,Pozitif
4588,Pozitif
4589,Negatif
4590,Pozitif
4591,Pozitif
4592,Pozitif
4593,Negatif
4594,Negatif
4595,Pozitif
4596,Negatif
4597,Pozitif
4598,Pozitif
4599,Negatif
4600,Pozitif
4601,Pozitif
4602,Negatif
4603,Pozitif
4604,Negatif
4605,Negatif
4606,Pozitif
4607,Pozitif
4608,Negatif
4609,Pozitif
4610,Pozitif
4611,Pozitif
4612,Negatif
4613,Negatif
4614,Pozitif
4615,Pozitif
4616,Negatif
4617,Negatif
4618,Negatif
4619,Pozitif
4620,Negatif
4621,Negatif
4622,Negatif
4623,Negatif
4624,Pozitif
4625,Negatif
4626,Negatif
4627,Negatif
4628,Pozitif
4629,Negatif
4630,Pozitif
4631,Pozitif
4632,Pozitif
4633,Negatif
4634,Negatif
4635,Negatif
4636,Negatif
4637,Pozitif
4638,Negatif
4639,Negatif
4640,Pozitif
4641,Negatif
4642,Pozitif
4643,Negatif
4644,Pozitif
4645,Pozitif
4646,Negatif
4647,Negatif
4648,Pozitif
4649,Pozitif
4650,Negatif
4651,Negatif
4652,Pozitif
4653,Negatif
4654,Pozitif
4655,Pozitif
4656,Pozitif
4657,Pozitif
4658,Pozitif
4659,Pozitif
4660,Negatif
4661,Negatif
4662,Pozitif
4663,Pozitif
4664,Negatif
4665,Negatif
4666,Negatif
4667,Negatif
4668,Negatif
4669,Pozitif
4670,Negatif
4671,Pozitif
4672,Negatif
4673,Negatif
4674,Pozitif
4675,Negatif
4676,Negatif
4677,Pozitif
4678,Negatif
4679,Negatif
4680,Negatif
4681,Pozitif
4682,Pozitif
4683,Pozitif
4684,Negatif
4685,Negatif
4686,Negatif
4687,Pozitif
4688,Pozitif
4689,Negatif
4690,Pozitif
4691,Pozitif
4692,Pozitif
4693,Negatif
4694,Pozitif
4695,Pozitif
4696,Pozitif
4697,Pozitif
4698,Negatif
4699,Pozitif
4700,Pozitif
4701,Pozitif
4702,Pozitif
4703,Negatif
4704,Negatif
4705,Pozitif
4706,Pozitif
4707,Pozitif
4708,Negatif
4709,Negatif
4710,Negatif
4711,Negatif
4712,Negatif
4713,Negatif
4714,Pozitif
4715,Negatif
4716,Negatif
4717,Negatif
4718,Negatif
4719,Pozitif
4720,Negatif
4721,Pozitif
4722,Negatif
4723,Pozitif
4724,Pozitif
4725,Negatif
4726,Pozitif
4727,Pozitif
4728,Pozitif
4729,Pozitif
4730,Negatif
4731,Pozitif
4732,Pozitif
4733,Pozitif
4734,Pozitif
4735,Pozitif
4736,Pozitif
4737,Pozitif
4738,Negatif
4739,Negatif
4740,Negatif
4741,Negatif
4742,Pozitif
4743,Negatif
4744,Negatif
4745,Negatif
4746,Pozitif
4747,Negatif
4748,Negatif
4749,Pozitif
4750,Pozitif
4751,Pozitif
4752,Negatif
4753,Negatif
4754,Negatif
4755,Negatif
4756,Pozitif
4757,Pozitif
4758,Negatif
4759,Pozitif
4760,Pozitif
4761,Pozitif
4762,Negatif
4763,Negatif
4764,Pozitif
4765,Negatif
4766,Pozitif
4767,Pozitif
4768,Pozitif
4769,Negatif
4770,Pozitif
4771,Pozitif
4772,Pozitif
4773,Negatif
4774,Negatif
4775,Pozitif
4776,Pozitif
4777,Pozitif
4778,Pozitif
4779,Negatif
4780,Negatif
4781,Pozitif
4782,Pozitif
4783,Pozitif
4784,Pozitif
4785,Negatif
4786,Negatif
4787,Pozitif
4788,Pozitif
4789,Negatif
4790,Negatif
4791,Pozitif
4792,Pozitif
4793,Negatif
4794,Negatif
4795,Pozitif
4796,Pozitif
4797,Pozitif
4798,Pozitif
4799,Pozitif
4800,Pozitif
4801,Negatif
4802,Pozitif
4803,Pozitif
4804,Negatif
4805,Negatif
4806,Pozitif
4807,Negatif
4808,Negatif
4809,Negatif
4810,Negatif
4811,Negatif
4812,Pozitif
4813,Negatif
4814,Negatif
4815,Negatif
4816,Negatif
4817,Negatif
4818,Negatif
4819,Negatif
4820,Negatif
4821,Negatif
4822,Negatif
4823,Pozitif
4824,Negatif
4825,Negatif
4826,Negatif
4827,Pozitif
4828,Negatif
4829,Pozitif
4830,Negatif
4831,Negatif
4832,Pozitif
4833,Negatif
4834,Negatif
4835,Pozitif
4836,Pozitif
4837,Negatif
4838,Pozitif
4839,Negatif
4840,Pozitif
4841,Negatif
4842,Pozitif
4843,Pozitif
4844,Negatif
4845,Negatif
4846,Pozitif
4847,Negatif
4848,Pozitif
4849,Pozitif
4850,Pozitif
4851,Pozitif
4852,Pozitif
4853,Pozitif
4854,Negatif
4855,Pozitif
4856,Pozitif
4857,Negatif
4858,Negatif
4859,Pozitif
4860,Negatif
4861,Negatif
4862,Negatif
4863,Pozitif
4864,Negatif
4865,Pozitif
4866,Pozitif
4867,Pozitif
4868,Negatif
4869,Pozitif
4870,Negatif
4871,Pozitif
4872,Negatif
4873,Negatif
4874,Negatif
4875,Negatif
4876,Negatif
4877,Negatif
4878,Negatif
4879,Pozitif
4880,Negatif
4881,Negatif
4882,Negatif
4883,Negatif
4884,Negatif
4885,Negatif
4886,Pozitif
4887,Pozitif
4888,Negatif
4889,Pozitif
4890,Negatif
4891,Negatif
4892,Negatif
4893,Negatif
4894,Negatif
4895,Negatif
4896,Pozitif
4897,Pozitif
4898,Pozitif
4899,Negatif
4900,Negatif
4901,Pozitif
4902,Pozitif
4903,Pozitif
4904,Negatif
4905,Negatif
4906,Pozitif
4907,Negatif
4908,Negatif
4909,Negatif
4910,Negatif
4911,Pozitif
4912,Negatif
4913,Pozitif
4914,Pozitif
4915,Pozitif
4916,Pozitif
4917,Negatif
4918,Pozitif
4919,Negatif
4920,Pozitif
4921,Pozitif
4922,Negatif
4923,Pozitif
4924,Pozitif
4925,Negatif
4926,Negatif
4927,Pozitif
4928,Pozitif
4929,Pozitif
4930,Pozitif
4931,Pozitif
4932,Negatif
4933,Negatif
4934,Negatif
4935,Pozitif
4936,Pozitif
4937,Pozitif
4938,Pozitif
4939,Negatif
4940,Pozitif
4941,Pozitif
4942,Pozitif
4943,Negatif
4944,Pozitif
4945,Pozitif
4946,Negatif
4947,Negatif
4948,Negatif
4949,Pozitif
4950,Negatif
4951,Negatif
4952,Negatif
4953,Pozitif
4954,Negatif
4955,Negatif
4956,Negatif
4957,Negatif
4958,Pozitif
4959,Pozitif
4960,Negatif
4961,Pozitif
4962,Negatif
4963,Negatif
4964,Pozitif
4965,Pozitif
4966,Negatif
4967,Pozitif
4968,Negatif
4969,Pozitif
4970,Negatif
4971,Negatif
4972,Pozitif
4973,Pozitif
4974,Negatif
4975,Pozitif
4976,Pozitif
4977,Pozitif
4978,Pozitif
4979,Negatif
4980,Negatif
4981,Pozitif
4982,Pozitif
4983,Pozitif
4984,Pozitif
4985,Negatif
4986,Pozitif
4987,Pozitif
4988,Pozitif
4989,Pozitif
4990,Pozitif
4991,Pozitif
4992,Pozitif
4993,Pozitif
4994,Pozitif
4995,Negatif
4996,Negatif
4997,Negatif
4998,Pozitif
4999,Negatif
